id,user_convex_id,status,type,template_id,created_at_ms
"jx7371bx29w30eq9rrwnb752h57tj2pz","k1720x6bg0tftm668tzd82c3gn7tkv8j","done","image","","1762026413001.6492"
"jx77zg71crjtkv5kg1sxb7z1ah7tjv7z","k170nd4ss9p9jk9tetq8ntpjs17tkfc0","done","image","","1762027385212.6099"
"jx7dxkj1na1pmhcaeh1k1hwdfs7tktcs","k177atpsbzdh5jqj55wxe8jmd97tkxx5","done","image","","1762034256172.7063"
"jx7637bkrbrdqvnrxbt0jbah497v84xf","k174kjvdx4dczacpqwn3katfpx7v4k4q","error","image","","1762967772752.0515"
"jx72anb227fc1gkycm73rhyvys7v8yqf","k174kjvdx4dczacpqwn3katfpx7v4k4q","error","image","","1762968526153.3625"
"jx76bbqewfqdf5da8y6nkpb0nd7vbrj4","k174kjvdx4dczacpqwn3katfpx7v4k4q","error","image","","1762999520241.8123"
"jx7d2jvca9x0th6kc7zehgcmmx7vb93m","k174kjvdx4dczacpqwn3katfpx7v4k4q","error","image","","1763000890002.0889"
"jx7ctjeyh8tyynh6rgnar673wh7vb06d","k174kjvdx4dczacpqwn3katfpx7v4k4q","error","image","","1763006703176.2795"
"jx72fvf60tc8x0wpexbr7wq1fn7vbjej","k174kjvdx4dczacpqwn3katfpx7v4k4q","error","image","","1763009982748.4507"
"jx796qk3yz2gq8mren62vexvg57va8r7","k174kjvdx4dczacpqwn3katfpx7v4k4q","done","image","","1763014339157.3176"
"jx724my3ze2gseeftwms53a56d7vbk3q","k174kjvdx4dczacpqwn3katfpx7v4k4q","done","image","","1763014821111.8633"
"jx748emkrdrng2fc5y0j4xcm357vavrz","k174kjvdx4dczacpqwn3katfpx7v4k4q","done","image","","1763014881205.9746"
"jx792w5wc2h26gj0vm4c59wk517vanm7","k174kjvdx4dczacpqwn3katfpx7v4k4q","done","image","","1763014935168.9243"
"jx78pe0ryp6ascazemdgdmmv7s7vagpp","k174kjvdx4dczacpqwn3katfpx7v4k4q","done","image","","1763014973794.1284"
"jx77cm0j413dax5p42dgnw3j017vak8s","k174kjvdx4dczacpqwn3katfpx7v4k4q","done","image","","1763015520040.515"
"jx7cbxwk87cw2y9zx3j06keq3n7vbpv9","k174kjvdx4dczacpqwn3katfpx7v4k4q","done","image","","1763015550923.8157"
"jx7fgtwvjsa0vgcses1r18padn7vajm4","k174kjvdx4dczacpqwn3katfpx7v4k4q","error","image","","1763015575191.7886"
"jx7900jvnk8ktxhjx3jts93adh7vaav7","k174kjvdx4dczacpqwn3katfpx7v4k4q","error","image","","1763022888680.839"
"jx7egp9dspwdkd0fpht20h7eyh7vbsnb","k174kjvdx4dczacpqwn3katfpx7v4k4q","error","image","","1763047784754.5347"
"jx73r24csyeq9194btsp77g87h7vb631","k174kjvdx4dczacpqwn3katfpx7v4k4q","error","image","","1763048992812.987"
"jx7aqq02064myh0rt3k42m2g7x7vaz8a","k174kjvdx4dczacpqwn3katfpx7v4k4q","done","image","","1763050042192.4646"
"jx7d95eyk6avb4fjf6t6xbrmr57vbd9r","k174kjvdx4dczacpqwn3katfpx7v4k4q","done","image","","1763050298758.162"
"jx712q1fqe2xzkndfcfz99tykh7vakme","k174kjvdx4dczacpqwn3katfpx7v4k4q","done","image","","1763051287543.384"
"jx7781hjxhx2v3erek4nk99tvx7vbr95","k176mtqaf7k7az8m5kvdrtkawd7v7g00","done","image","","1763052290204.5405"
"jx7d1m85g2nqs7y2fprc3f72ex7vb6jv","k176mtqaf7k7az8m5kvdrtkawd7v7g00","done","image","","1763061703869.4785"
"jx78bgqgwvgrfr8e0zrfhq2srh7vchph","k174kjvdx4dczacpqwn3katfpx7v4k4q","done","image","","1763087499890.871"
"jx7b4h2dfk7c877vct9rvyw48s7vd789","k174kjvdx4dczacpqwn3katfpx7v4k4q","done","image","","1763116373600.598"
"jx7b0tm7n156wjt5e0m0t4jqd97vdwx7","k176mtqaf7k7az8m5kvdrtkawd7v7g00","done","image","","1763137895225.7214"
"jx79tbqwafm2s0tc82rvk9xmgs7vcwg1","k176mtqaf7k7az8m5kvdrtkawd7v7g00","done","image","","1763137962713.2866"
"jx76x6de44wq2ra8geff49826h7vd0bm","k176mtqaf7k7az8m5kvdrtkawd7v7g00","done","image","","1763138005104.04"
"jx7aq2q1r8qpz5nzw93f5qf18h7vfmq2","k176mtqaf7k7az8m5kvdrtkawd7v7g00","done","image","","1763210318112.642"
"jx7ab6nk4xd4c8srkzexs6mnvs7ves77","k174kjvdx4dczacpqwn3katfpx7v4k4q","done","image","","1763223254738.0369"
"jx76gxvthrvz9zytj0ppnbh8ch7vedwn","k176mtqaf7k7az8m5kvdrtkawd7v7g00","done","image","","1763224298025.0308"
"jx71htd6v688b42fqmjq2xft0d7ve90a","k176mtqaf7k7az8m5kvdrtkawd7v7g00","done","image","","1763224406071.6362"
"jx7eyq1m8mc5z0eez9qtk4964d7verfg","k176mtqaf7k7az8m5kvdrtkawd7v7g00","error","image","","1763224583389.4907"
"jx7chxdwryfwgshdxn5e21jw557vfj5s","k176mtqaf7k7az8m5kvdrtkawd7v7g00","error","image","","1763224612071.557"
"jx72gs1gsj54s67m8ndjjgykc97ve5gn","k176mtqaf7k7az8m5kvdrtkawd7v7g00","done","image","","1763224786212.3862"
"jx77813vy1qwdwqd50ksyxwt957vean7","k176mtqaf7k7az8m5kvdrtkawd7v7g00","done","image","","1763224860901.6096"
"jx7ea520egnht5zkcdnp32tqax7vemgr","k176mtqaf7k7az8m5kvdrtkawd7v7g00","done","image","","1763224947251.3242"
"jx7fd9dzxenhmm7a5qyfahkhwn7vftf4","k176mtqaf7k7az8m5kvdrtkawd7v7g00","done","image","","1763225014332.5708"
"jx7aqwkzwrqeyrd6fv1qgfnkh57veh2y","k176mtqaf7k7az8m5kvdrtkawd7v7g00","done","image","","1763225098588.4175"
"jx76v7jdbfmrn947zptkv0hfe57vekfb","k176mtqaf7k7az8m5kvdrtkawd7v7g00","done","image","","1763225166164.1719"
"jx7554g12cvb56tqmb5s4m2te17vfnkg","k176mtqaf7k7az8m5kvdrtkawd7v7g00","done","image","","1763225232202.4067"
"jx785x81zkzcsnpebyab3035g97vfp40","k176mtqaf7k7az8m5kvdrtkawd7v7g00","done","image","","1763225368247.3203"
"jx759wqkrzcpgv7d22pf03m1gh7veh6f","k176mtqaf7k7az8m5kvdrtkawd7v7g00","done","image","","1763225429752.2175"
"jx7bq9vm6sgp2f38hm61hehc1x7ve0sj","k176mtqaf7k7az8m5kvdrtkawd7v7g00","done","image","","1763225464070.268"
"jx703h60ttvpjnne0qtqy5p3bs7ve6g5","k176mtqaf7k7az8m5kvdrtkawd7v7g00","done","image","","1763229016177.8926"
"jx75mrmryfna02y5wct9pmkw2s7ve8jb","k176mtqaf7k7az8m5kvdrtkawd7v7g00","done","image","","1763231035064.2576"
"jx7f5fv27cd67fj3jf942zqwz97vfm9x","k176mtqaf7k7az8m5kvdrtkawd7v7g00","done","image","","1763231085935.826"
"jx7as2ye1r31aqz62b99jr721x7veb3m","k176mtqaf7k7az8m5kvdrtkawd7v7g00","done","image","","1763231166220.688"
"jx7c1ebnd2qk9jk47mrrkhqk957vejvr","k176mtqaf7k7az8m5kvdrtkawd7v7g00","done","image","","1763231272023.8267"
"jx789qdgt2qq2qmtf1gc9ym3117ve1d7","k176mtqaf7k7az8m5kvdrtkawd7v7g00","done","image","","1763231378065.5605"
"jx7a9wggdqw1gnz8w8cnyzcydh7vebjm","k176mtqaf7k7az8m5kvdrtkawd7v7g00","done","image","","1763231447112.6191"
"jx7a22xr8wy0164bthj9w8nbkn7vedb1","k176mtqaf7k7az8m5kvdrtkawd7v7g00","done","image","","1763231495623.13"
"jx7eb56wt3t9jqm2vhyrr3efnn7vftrd","k174kjvdx4dczacpqwn3katfpx7v4k4q","done","image","","1763232027484.0825"
"jx766rx0069vzxynjgcd80skns7vfn2c","k176mtqaf7k7az8m5kvdrtkawd7v7g00","done","image","","1763232678143.6265"
"jx73c9zk69tn2v1xjwc75vp8ms7vepdp","k176mtqaf7k7az8m5kvdrtkawd7v7g00","done","image","","1763232740635.2236"
"jx77z7ysmv2zphtnftmapv0my17ve99w","k176mtqaf7k7az8m5kvdrtkawd7v7g00","done","image","","1763232897049.3496"
"jx791882fn9shz0ap010v1fvr97vf3aa","k176mtqaf7k7az8m5kvdrtkawd7v7g00","done","image","","1763232954598.2195"
"jx73bhhjd3e0djrd2zxgxvtja97vfvep","k176mtqaf7k7az8m5kvdrtkawd7v7g00","done","image","","1763233108203.0923"
"jx7eq1qb589qtv45vj049d8w117vetyr","k176mtqaf7k7az8m5kvdrtkawd7v7g00","done","image","","1763233234968.9814"
"jx72h91fy1e5gyxbdvhgr3eb597ve3y0","k176mtqaf7k7az8m5kvdrtkawd7v7g00","done","image","","1763233838206.6235"
"jx72sfx2sfy3jb1ejngdxvbpyd7vfyx4","k176mtqaf7k7az8m5kvdrtkawd7v7g00","done","image","","1763233893981.563"
"jx70g2ahswvmhfmgz7eq0ppr5n7vf3jx","k176mtqaf7k7az8m5kvdrtkawd7v7g00","done","image","","1763233986714.0842"
"jx714r1jq2ft62ccf5mp2ch0j17vegy7","k176mtqaf7k7az8m5kvdrtkawd7v7g00","done","image","","1763234164557.835"
"jx7a7spp1trc1fty38mrpy9gqs7ve6g1","k176mtqaf7k7az8m5kvdrtkawd7v7g00","done","image","","1763234272988.1538"
"jx7c75gx0acyjn0pe7d007bmdn7vf61e","k176mtqaf7k7az8m5kvdrtkawd7v7g00","done","image","","1763234349522.5269"
"jx711mgk031hkebex9xbgf3yz17vfcea","k176mtqaf7k7az8m5kvdrtkawd7v7g00","done","image","","1763234413420.7227"
"jx71654t4qqvq0y8xgjz78ceyn7vfvky","k174kjvdx4dczacpqwn3katfpx7v4k4q","done","image","","1763235201000.897"
"jx7ey2xmvkyqbb3crbqfcmmnz57vf1ag","k174kjvdx4dczacpqwn3katfpx7v4k4q","done","image","","1763235405382.2695"
"jx7d7y583cd4ebex0pvbgk1wr17vf7tj","k174kjvdx4dczacpqwn3katfpx7v4k4q","done","image","","1763235602254.4949"
"jx7021mg9ja63deqjperayc3j97vf51k","k174kjvdx4dczacpqwn3katfpx7v4k4q","done","image","","1763235673758.9387"
"jx74mhepcsx5nnf95zhn6d6kj17vghb7","k174kjvdx4dczacpqwn3katfpx7v4k4q","done","image","","1763274515071.015"
"jx76213f2ktn7f2tw14j2haef97vh2eq","k174kjvdx4dczacpqwn3katfpx7v4k4q","done","image","","1763275438335.0457"
"jx73gvhdrpmpbend7cj76sa1wd7vgn2k","k176mtqaf7k7az8m5kvdrtkawd7v7g00","done","image","","1763277068808.6807"
"jx72mywr2vytradsmrjnzp910s7vhx00","k176mtqaf7k7az8m5kvdrtkawd7v7g00","done","image","","1763277204652.5894"
"jx783k4tmdktzhragfdphwhc557vgtnw","k176mtqaf7k7az8m5kvdrtkawd7v7g00","done","image","","1763277569173.2764"
"jx75q9jevkvdy187zdhb2bv9yx7vh5da","k176mtqaf7k7az8m5kvdrtkawd7v7g00","done","image","","1763277736524.8252"
"jx7a4h9q9rns670hnrrc4a44v17vgszq","k176mtqaf7k7az8m5kvdrtkawd7v7g00","done","image","","1763277779679.7534"
"jx7bpfjbx406fcrtgcabbe26hs7vg9fm","k176mtqaf7k7az8m5kvdrtkawd7v7g00","done","image","","1763277908722.9363"
"jx7by5gxwns08dmjz6b1vprvjn7vge2q","k176mtqaf7k7az8m5kvdrtkawd7v7g00","done","image","","1763277968306.099"
"jx7bmc2mxyf51g770tc4e9f1cd7vhz1c","k176mtqaf7k7az8m5kvdrtkawd7v7g00","done","image","","1763278029653.4197"
"jx76z1a0xdjw6rvs7m103y4d3n7vhwf7","k176mtqaf7k7az8m5kvdrtkawd7v7g00","done","image","","1763278557909.1199"
"jx74dyd637cxz5q2zv2g4be32x7vhsmj","k176mtqaf7k7az8m5kvdrtkawd7v7g00","done","image","","1763279523598.492"
"jx7ebg6c6gjs9b6asqgj5b0wsd7vg8zg","k176mtqaf7k7az8m5kvdrtkawd7v7g00","done","image","","1763279603283.5044"
"jx7aazwwrrjnpkvegxwnpecz2h7vhxmg","k176mtqaf7k7az8m5kvdrtkawd7v7g00","done","image","","1763279651991.2117"
"jx73h4g7q06ry8cxgmeqdwks2h7vgsgb","k176mtqaf7k7az8m5kvdrtkawd7v7g00","done","image","","1763279725770.4443"
"jx7derjz69tb5mfbx1g137apfx7vgrxv","k176mtqaf7k7az8m5kvdrtkawd7v7g00","done","image","","1763279823477.37"
"jx7d25sqfqa24c05dwwcwcktbx7vgcsc","k176mtqaf7k7az8m5kvdrtkawd7v7g00","done","image","","1763279908456.605"
"jx76wk588c7zkrzashxfdcgsh97vhxw2","k176mtqaf7k7az8m5kvdrtkawd7v7g00","done","image","","1763279969792.5417"
"jx70ypxy21egqkett3cpqf8jzd7vg4fq","k176mtqaf7k7az8m5kvdrtkawd7v7g00","done","image","","1763280011252.956"
"jx7bxtyb6cyr7rervx9zhp32217vh02m","k176mtqaf7k7az8m5kvdrtkawd7v7g00","done","image","","1763280054016.7837"
"jx7b6nv6gz1bjmjm90qtzhahz57vgedr","k176mtqaf7k7az8m5kvdrtkawd7v7g00","done","image","","1763280095315.6536"
"jx7bav49qnevxrg4h2sp6fx6c57vge68","k176mtqaf7k7az8m5kvdrtkawd7v7g00","done","image","","1763280127490.4763"
"jx70dga6jtmcsb3z6fqv6pjsa97vg245","k176mtqaf7k7az8m5kvdrtkawd7v7g00","done","image","","1763280192470.956"
"jx78yjbtexz3qat9vm2dw9mz5h7vg4np","k176mtqaf7k7az8m5kvdrtkawd7v7g00","done","image","","1763280253936.2717"
"jx7795skarhmaht7w0ne5jhd4d7vgz64","k176mtqaf7k7az8m5kvdrtkawd7v7g00","done","image","","1763280294101.2544"
"jx7afppvbhve8kwc2j90kxs3017vh8m7","k176mtqaf7k7az8m5kvdrtkawd7v7g00","done","image","","1763280355752.0938"
"jx72jq87efsj2zb3y3hfzmmq0x7vg8dx","k176mtqaf7k7az8m5kvdrtkawd7v7g00","done","image","","1763280774439.2617"
"jx76vv4nazb5d7vc1s2rfsjx6x7vhf17","k176mtqaf7k7az8m5kvdrtkawd7v7g00","done","image","","1763290888886.6333"
"jx73my8p521fv07tmrjzh54crx7vh022","k176mtqaf7k7az8m5kvdrtkawd7v7g00","done","image","","1763290955504.928"
"jx707py34f0n4s3nmc88rvysgh7vh9rt","k176mtqaf7k7az8m5kvdrtkawd7v7g00","done","image","","1763291099327.322"
"jx7bc335w027bk9969xyv7cmbd7vh25k","k176mtqaf7k7az8m5kvdrtkawd7v7g00","done","image","","1763291157022.5208"
"jx7034x6tncneee80n9ymgqae17vh2ga","k174kjvdx4dczacpqwn3katfpx7v4k4q","done","image","","1763312672615.5615"
"jx7a6364gzjrbrxnbkvd9jcte17vhrby","k176mtqaf7k7az8m5kvdrtkawd7v7g00","done","image","","1763313116485.4712"
"jx7008tdtzv2yym5ab2wpzdhpx7vg7jx","k176mtqaf7k7az8m5kvdrtkawd7v7g00","done","image","","1763313160168.9172"
"jx7d4vmdrnx5xmpgfvrheeys6x7vhjfj","k176mtqaf7k7az8m5kvdrtkawd7v7g00","done","image","","1763313185501.6445"
"jx7bhtpnv3ck9d9npgv0xp7ps17vhg13","k176mtqaf7k7az8m5kvdrtkawd7v7g00","done","image","","1763313268283.6702"
"jx7bn4x7m6zn1ex0vcf4gqxwjn7vhq74","k176mtqaf7k7az8m5kvdrtkawd7v7g00","done","image","","1763313358063.1438"
"jx71cgq0ftecdnx0t4849rxnjh7vhk3d","k176mtqaf7k7az8m5kvdrtkawd7v7g00","done","image","","1763313430869.9167"
"jx72dydx7x5dmsdzhg7zs8q7z57vgt43","k176mtqaf7k7az8m5kvdrtkawd7v7g00","done","image","","1763313562761.5347"
"jx7dwx0q341g8xdqyf58zd0r9s7vg1zc","k176mtqaf7k7az8m5kvdrtkawd7v7g00","done","image","","1763313650995.9536"
"jx7e4dx2d1rhgk35r96hm8dtr57vg3gf","k176mtqaf7k7az8m5kvdrtkawd7v7g00","done","image","","1763313876009.4817"
"jx75fbw0s5h2zkbb03p02q6h4s7vgh36","k176mtqaf7k7az8m5kvdrtkawd7v7g00","done","image","","1763313935091.8093"
"jx7b6b2e9yb05kdk4716g0km1s7vgkv2","k176mtqaf7k7az8m5kvdrtkawd7v7g00","done","image","","1763313969706.5747"
"jx7a0pdfzvh7d2f9a9qv1sw0th7vg25y","k176mtqaf7k7az8m5kvdrtkawd7v7g00","done","image","","1763314543678.1052"
"jx7bgkne2660c7x8fv9dnez2ex7vgj73","k176mtqaf7k7az8m5kvdrtkawd7v7g00","done","image","","1763314573678.263"
"jx7ckntxc21d9k5j6m6pnefczd7vgtbc","k176mtqaf7k7az8m5kvdrtkawd7v7g00","done","image","","1763315350087.2334"
"jx736ky0ecjjppyx7thr8gz9xs7vha3c","k176mtqaf7k7az8m5kvdrtkawd7v7g00","done","image","","1763315408534.4888"
"jx726m14fwyey738vf2xtyc8zn7vgb0z","k174kjvdx4dczacpqwn3katfpx7v4k4q","done","image","","1763315595004.487"
"jx7aa069tt4bbz3s6dn000syjh7vgn6f","k176mtqaf7k7az8m5kvdrtkawd7v7g00","done","image","","1763316891504.71"
"jx744d3khc92n4xsm9ns2jhrzs7vg1hv","k174kjvdx4dczacpqwn3katfpx7v4k4q","done","image","","1763318044176.0708"
"jx70xxf24bq37wc3zvz3rknrsd7vk4q3","k174kjvdx4dczacpqwn3katfpx7v4k4q","done","image","kd7efk49hvvr3qjy2y0hrv4md97vk39d","1763367437176.7366"
"jx777fhmevds1rapwwsa7bf0rd7vjxh1","k174kjvdx4dczacpqwn3katfpx7v4k4q","done","image","kd71hamefhxd9vm8yshb80fn7n7vkg7z","1763367528072.4702"
"jx74nx5gtz2t8wshrkj1x4k2ps7vjbxd","k174kjvdx4dczacpqwn3katfpx7v4k4q","done","image","kd786c1w8ew1rth3r7g53w4yw57vks96","1763375189183.362"
"jx79pvtamb50hagmq2db6crk417vkqmn","k174kjvdx4dczacpqwn3katfpx7v4k4q","done","image","kd73krt2k49x81qz1rfg7mp73h7vkee1","1763405983091.0833"
"jx7b2taehqg36wnxvdhw1g14ah7vjpqa","k174kjvdx4dczacpqwn3katfpx7v4k4q","done","image","kd75sk0hkcy1131m3mk1jp8hts7vjve3","1763406064537.2502"
"jx7f3exs84gscp62qmpv63p9z57vkmbx","k176mtqaf7k7az8m5kvdrtkawd7v7g00","done","image","kd75yjpy9mhfakese1d2kb5cwn7vjch7","1763409508088.37"
"jx7d22vf4sz16y464xrgza5jvs7vkk2a","k176mtqaf7k7az8m5kvdrtkawd7v7g00","done","image","kd75yjpy9mhfakese1d2kb5cwn7vjch7","1763412118872.296"
"jx78qhqegwp20d8bz8n07rhgzx7vmy31","k174kjvdx4dczacpqwn3katfpx7v4k4q","error","video","kd79cx18y9ezg4s76v52h823n97vmpm3","1763482167072.407"
"jx7et1h3kp1j30n2qdzfvc4qbx7vmhd7","k174kjvdx4dczacpqwn3katfpx7v4k4q","error","video","kd79cx18y9ezg4s76v52h823n97vmpm3","1763482742053.6948"
"jx76x8mqey3w8gv665gzqcd8md7vn2ej","k174kjvdx4dczacpqwn3katfpx7v4k4q","error","video","kd79cx18y9ezg4s76v52h823n97vmpm3","1763482774238.9329"
"jx758p14ntb4ccdtrwfagm710h7vnxfj","k174kjvdx4dczacpqwn3katfpx7v4k4q","error","video","kd79cx18y9ezg4s76v52h823n97vmpm3","1763484555720.4692"
"jx7a0zpwtnpaz248f8dbqcb9n17vny85","k174kjvdx4dczacpqwn3katfpx7v4k4q","error","video","kd79cx18y9ezg4s76v52h823n97vmpm3","1763486867012.4033"
"jx73h71f4cepkkf0f4gz7ejqx17vnkfs","k174kjvdx4dczacpqwn3katfpx7v4k4q","error","video","kd70b8hsr18qeer2kr2n2ea9yn7vm0kt","1763487005370.2126"
"jx733jwymmpgcgyt41mmpv06yx7vneky","k174kjvdx4dczacpqwn3katfpx7v4k4q","done","video","kd79cx18y9ezg4s76v52h823n97vmpm3","1763487664352.7124"
"jx70q9gzx9s86758e9btb3f7a97vn59x","k174kjvdx4dczacpqwn3katfpx7v4k4q","done","video","kd70b8hsr18qeer2kr2n2ea9yn7vm0kt","1763490148170.5806"
"jx78zmmj8f80mycb6pdevmf55x7vn8sj","k176mtqaf7k7az8m5kvdrtkawd7v7g00","done","image","kd70b8hsr18qeer2kr2n2ea9yn7vm0kt","1763498877973.7175"
"jx72yzh2h3n3hhckj7rfn5f8057vne7q","k176mtqaf7k7az8m5kvdrtkawd7v7g00","done","image","kd79cx18y9ezg4s76v52h823n97vmpm3","1763498907867.6045"
"jx74shpyy7c29nq6bxjg2xt1nx7vncs2","k176mtqaf7k7az8m5kvdrtkawd7v7g00","done","image","kd7ekbprk1rv2md3ds0rthbbzh7vnxr0","1763498967086.8716"
"jx77rp93637v51yz16aae1qpz57vpdrc","k176mtqaf7k7az8m5kvdrtkawd7v7g00","error","video","kd7ekbprk1rv2md3ds0rthbbzh7vnxr0","1763556963042.0305"
"jx7cr1a0pky7zcw7ewfxcjk3hx7vp48p","k176mtqaf7k7az8m5kvdrtkawd7v7g00","error","video","kd7ekbprk1rv2md3ds0rthbbzh7vnxr0","1763557048577.0708"
"jx7crmgh14532j8sz2wz3pp7vx7vqspm","k176mtqaf7k7az8m5kvdrtkawd7v7g00","error","video","kd79cx18y9ezg4s76v52h823n97vmpm3","1763557173288.0732"
"jx76h2y1necwq4yaznz3cf7p0n7vqxvn","k176mtqaf7k7az8m5kvdrtkawd7v7g00","error","video","kd79cx18y9ezg4s76v52h823n97vmpm3","1763557495147.0422"
"jx7adp9tpg8bt7bpytrt8eapbs7vqx51","k176mtqaf7k7az8m5kvdrtkawd7v7g00","error","video","kd79cx18y9ezg4s76v52h823n97vmpm3","1763557544689.392"
"jx73dyck23cymdnccvwjztj9wn7vp36p","k176mtqaf7k7az8m5kvdrtkawd7v7g00","error","video","kd70b8hsr18qeer2kr2n2ea9yn7vm0kt","1763557932716.7358"
"jx7b5rs83h5gt0ga0cvnk3mzex7vrs06","k174kjvdx4dczacpqwn3katfpx7v4k4q","error","image","kd7ed7grhwt6nshaqkj6v68nj97vm666","1763615743655.628"
"jx7ccmagpkap2fstq8sa1htt797vs8aq","k174kjvdx4dczacpqwn3katfpx7v4k4q","error","image","kd7ed7grhwt6nshaqkj6v68nj97vm666","1763615959136.674"
"jx7d2ng98xhy4g9xy6sffjzmp17vrcv9","k174kjvdx4dczacpqwn3katfpx7v4k4q","done","image","kd7ed7grhwt6nshaqkj6v68nj97vm666","1763617148197.239"
"jx7fnvph6x4v3vhq4wzhvp33ex7vrd7v","k174kjvdx4dczacpqwn3katfpx7v4k4q","done","video","kd7ahtyh1rvp9febjzc7dmnfgs7vrx88","1763634878717.4324"
"jx7dmzj331p9ytj03db3x5gbdx7vr5v0","k176mtqaf7k7az8m5kvdrtkawd7v7g00","error","video","kd71xa5367tw218m69happ8c997vrjt5","1763641063129.9937"
"jx79mjyeesksrjmanv12rmxnqn7vrm93","k176mtqaf7k7az8m5kvdrtkawd7v7g00","done","video","kd71xa5367tw218m69happ8c997vrjt5","1763641137922.0376"
"jx74pxzdf0yaf8f8fj37d9qb657vsf8q","k176mtqaf7k7az8m5kvdrtkawd7v7g00","done","image","kd77n3er3wxq3fm8cbs511w8ps7vmjzr","1763646849417.2866"
"jx79vhe4t1xycb5rnvdf4cfges7vrf68","k176mtqaf7k7az8m5kvdrtkawd7v7g00","done","image","kd77n3er3wxq3fm8cbs511w8ps7vmjzr","1763646891771.9656"
"jx7ec0b7n12z8ms6bx15wbc7vs7vracw","k176mtqaf7k7az8m5kvdrtkawd7v7g00","error","video","kd79f3zdqp9pxez9j9a532j0jh7vszgv","1763646954450.5786"
"jx75ew6phd1xq6rrf54b1fe5x57vshdw","k176mtqaf7k7az8m5kvdrtkawd7v7g00","done","video","kd79f3zdqp9pxez9j9a532j0jh7vszgv","1763647136896.8796"
"jx7fsjj7p39wp4wwmbz1nd79jn7vssqa","k174kjvdx4dczacpqwn3katfpx7v4k4q","done","video","kd7dvh2jptvv89s9xj78k75em17vrheq","1763648448785.3765"
"jx701ekmgr5kd3xp1wqm5xn7ms7vsvdd","k176mtqaf7k7az8m5kvdrtkawd7v7g00","done","video","kd7dvh2jptvv89s9xj78k75em17vrheq","1763654383170.2153"
"jx73hx41652a8wbccnq01z1w8n7vsry4","k176mtqaf7k7az8m5kvdrtkawd7v7g00","error","video","kd7dvh2jptvv89s9xj78k75em17vrheq","1763657545670.3894"
"jx7crma8gf8nn4n762hpzdh1vx7vrd5q","k176mtqaf7k7az8m5kvdrtkawd7v7g00","done","video","kd7dvh2jptvv89s9xj78k75em17vrheq","1763657606614.4783"
"jx73jnfhv4wysw0b5xdac541th7vr01d","k176mtqaf7k7az8m5kvdrtkawd7v7g00","error","video","kd7dvh2jptvv89s9xj78k75em17vrheq","1763658496617.688"
"jx78f9qtd9a7kta29myhg9tq5h7vsh9k","k176mtqaf7k7az8m5kvdrtkawd7v7g00","done","video","kd7dvh2jptvv89s9xj78k75em17vrheq","1763658530390.072"
"jx74wg9wa6jn3s8dn528wtmxvh7vtmvb","k176mtqaf7k7az8m5kvdrtkawd7v7g00","error","video","kd75p456515e7v7tkr1hdmh7vn7vvkhw","1763728005890.783"
"jx74cmxtqv7s199ez3fpy65n4d7vttjj","k176mtqaf7k7az8m5kvdrtkawd7v7g00","done","video","kd75p456515e7v7tkr1hdmh7vn7vvkhw","1763728125195.8135"
"jx74eqmxafgpnjc0a2yrq8t4ch7vvzdj","k176mtqaf7k7az8m5kvdrtkawd7v7g00","done","video","kd75p456515e7v7tkr1hdmh7vn7vvkhw","1763729239570.1636"
"jx79c34ntbae2kssn4jsy3tjkx7vv91j","k176mtqaf7k7az8m5kvdrtkawd7v7g00","done","video","kd75p456515e7v7tkr1hdmh7vn7vvkhw","1763729511817.5308"
"jx77yxqe6hwyb7hq8dv4dzvmq97vtssp","k174kjvdx4dczacpqwn3katfpx7v4k4q","done","image","kd7a4baf8zrnrpxmx6n97dw9yn7vm3hm","1763729598362.323"
"jx71kbmd8fart57y7nb3bsk8tn7vvsz4","k176mtqaf7k7az8m5kvdrtkawd7v7g00","done","video","kd75p456515e7v7tkr1hdmh7vn7vvkhw","1763729674434.116"
"jx74t329zyf87h7n8d9nd5x6gh7vt6b2","k174kjvdx4dczacpqwn3katfpx7v4k4q","done","image","kd7bpfm27k0zdhq9k6bssp4zsd7vm78q","1763730513473.1292"
"jx715s9d24teedx8mxrvsxamy57vtbgk","k176mtqaf7k7az8m5kvdrtkawd7v7g00","done","image","kd718ahde0fc0gkbpdqzx96q0h7vnxvr","1763730737364.9756"
"jx73wg5q3bh86gk6zvjbn8x47d7vttvp","k174kjvdx4dczacpqwn3katfpx7v4k4q","done","image","kd7a4baf8zrnrpxmx6n97dw9yn7vm3hm","1763731523267.1365"
"jx7as24ny4wj39v1wsrede1s5d7vtsf9","k176mtqaf7k7az8m5kvdrtkawd7v7g00","done","image","kd73yndhykbtft275dfsn9rbd57vm5vg","1763731779996.2192"
"jx78n74gsfav445001303mr3p97vty1d","k176mtqaf7k7az8m5kvdrtkawd7v7g00","done","image","kd7a4baf8zrnrpxmx6n97dw9yn7vm3hm","1763732103796.018"
"jx71nh1nwe7xp2mb1e1t93wzzd7vtg8h","k176mtqaf7k7az8m5kvdrtkawd7v7g00","done","image","kd7a4baf8zrnrpxmx6n97dw9yn7vm3hm","1763738399086.182"
"jx72efgn6s07yy90m5y6x0etvh7vvezd","k176mtqaf7k7az8m5kvdrtkawd7v7g00","done","image","kd77n3er3wxq3fm8cbs511w8ps7vmjzr","1763738449346.3276"
"jx7fn1tb49j02kg5beh279n9617vtdg2","k17cgnkt7y8tmzqh8at6jbrc9n7vtpmn","done","image","kd73yndhykbtft275dfsn9rbd57vm5vg","1763753403482.3176"
"jx7ccxqpsyhr2wepamfkwt15cs7vw0tb","k176mtqaf7k7az8m5kvdrtkawd7v7g00","done","image","kd7a4baf8zrnrpxmx6n97dw9yn7vm3hm","1763811166609.5417"
"jx7ft0w9c4a733pdgbwqtex4jx7vwak5","k176mtqaf7k7az8m5kvdrtkawd7v7g00","done","image","kd7a4baf8zrnrpxmx6n97dw9yn7vm3hm","1763811215542.9722"
"jx78nwvkpkrtshjpqqacfyjg9h7vwfa9","k176mtqaf7k7az8m5kvdrtkawd7v7g00","done","image","kd73474q80sw7cxknc3q8c5fws7vmqjz","1763811329894.3904"
"jx7bwrsh47aaerhpeh7qqjad057vxkep","k176mtqaf7k7az8m5kvdrtkawd7v7g00","done","image","kd73474q80sw7cxknc3q8c5fws7vmqjz","1763811359492.426"
"jx7d7ay9r8rq6v7x61h6jj3qjd7vwn9g","k176mtqaf7k7az8m5kvdrtkawd7v7g00","done","image","kd7a4baf8zrnrpxmx6n97dw9yn7vm3hm","1763811593369.0078"
"jx76scan21c2shgt4tybq1eeth7vx73a","k176mtqaf7k7az8m5kvdrtkawd7v7g00","done","image","kd7a4baf8zrnrpxmx6n97dw9yn7vm3hm","1763811744085.236"
"jx7f8tx2kcay6zjybzj8bjgzs57vxq3t","k176mtqaf7k7az8m5kvdrtkawd7v7g00","done","image","kd7a4baf8zrnrpxmx6n97dw9yn7vm3hm","1763811858693.8071"
"jx73e23f8xhvk692e8pvja9wah7vxktt","k176mtqaf7k7az8m5kvdrtkawd7v7g00","done","image","kd7a4baf8zrnrpxmx6n97dw9yn7vm3hm","1763811890090.07"
"jx7bekd2nneyrrsgthn0krf28x7vwwjc","k176mtqaf7k7az8m5kvdrtkawd7v7g00","error","image","kd7a4baf8zrnrpxmx6n97dw9yn7vm3hm","1763811949524.9006"
"jx7c4np3n40z98824edweqb8bn7vxdfw","k176mtqaf7k7az8m5kvdrtkawd7v7g00","error","image","kd7a4baf8zrnrpxmx6n97dw9yn7vm3hm","1763811963384.399"
"jx76zq4fkd0667aw887j1580s97vwmyc","k176mtqaf7k7az8m5kvdrtkawd7v7g00","error","image","kd7a4baf8zrnrpxmx6n97dw9yn7vm3hm","1763811974453.8667"
"jx70kyxaa8sp5z1f0yexxfdw997vxxsj","k176mtqaf7k7az8m5kvdrtkawd7v7g00","error","image","kd7a4baf8zrnrpxmx6n97dw9yn7vm3hm","1763811995284.3428"
"jx7d0c5zg9k5qg9t3r8e852gmn7vw2mm","k176mtqaf7k7az8m5kvdrtkawd7v7g00","error","image","kd7a4baf8zrnrpxmx6n97dw9yn7vm3hm","1763812013043.5122"
"jx72vnchj9vqpmy6tatageemc97vxfyv","k176mtqaf7k7az8m5kvdrtkawd7v7g00","done","image","kd7a4baf8zrnrpxmx6n97dw9yn7vm3hm","1763812073468.8113"
"jx7c7q0wr8gb1jvfckaftk8w7h7vwmr2","k176mtqaf7k7az8m5kvdrtkawd7v7g00","error","image","kd7a4baf8zrnrpxmx6n97dw9yn7vm3hm","1763812116741.8867"
"jx76pn4h61qcbwfmhaqa7zb9z57vxh13","k176mtqaf7k7az8m5kvdrtkawd7v7g00","error","image","kd7a4baf8zrnrpxmx6n97dw9yn7vm3hm","1763812137341.33"
"jx7bcda0v0w8f4j730h6009zxx7vwnkq","k176mtqaf7k7az8m5kvdrtkawd7v7g00","error","image","kd7a4baf8zrnrpxmx6n97dw9yn7vm3hm","1763812211970.9622"
"jx79r9f2x4ggp564ex7qykf1k17vx3cx","k176mtqaf7k7az8m5kvdrtkawd7v7g00","error","image","kd7a4baf8zrnrpxmx6n97dw9yn7vm3hm","1763812240367.3655"
"jx7fhhp7zgcfvt0mvttvhjbpdh7vwyqf","k176mtqaf7k7az8m5kvdrtkawd7v7g00","done","image","kd7a4baf8zrnrpxmx6n97dw9yn7vm3hm","1763812258391.6277"
"jx7bzpp09w8etrk4zcmrk1941x7vxghb","k176mtqaf7k7az8m5kvdrtkawd7v7g00","error","image","kd7a4baf8zrnrpxmx6n97dw9yn7vm3hm","1763812297910.9695"
"jx70reh9cdgydsxbgzc5xaw4d17vxwfx","k176mtqaf7k7az8m5kvdrtkawd7v7g00","error","image","kd7a4baf8zrnrpxmx6n97dw9yn7vm3hm","1763812313377.0608"
"jx74jcfew4fkbfbh36axjrvfg57vx5sx","k176mtqaf7k7az8m5kvdrtkawd7v7g00","error","image","kd7a4baf8zrnrpxmx6n97dw9yn7vm3hm","1763812333802.785"
"jx7217ck68fhc97pky84wd137x7vxnkc","k176mtqaf7k7az8m5kvdrtkawd7v7g00","error","image","kd7a4baf8zrnrpxmx6n97dw9yn7vm3hm","1763812350676.7769"
"jx7e5f9sgdgv2a9ze3f6ws6zk97vwr3w","k176mtqaf7k7az8m5kvdrtkawd7v7g00","error","image","kd7a4baf8zrnrpxmx6n97dw9yn7vm3hm","1763812371864.6294"
"jx77m2aj0h4r70kywgz248qras7vwjxr","k176mtqaf7k7az8m5kvdrtkawd7v7g00","done","image","kd7a4baf8zrnrpxmx6n97dw9yn7vm3hm","1763812408742.2961"
"jx79djfth5gpne3nzcbqamywkh7vw7kh","k176mtqaf7k7az8m5kvdrtkawd7v7g00","done","image","kd7a4baf8zrnrpxmx6n97dw9yn7vm3hm","1763812623233.268"
"jx7bqge5djzpdw7h5ae2c8gmax7vw7gf","k176mtqaf7k7az8m5kvdrtkawd7v7g00","done","image","kd7a4baf8zrnrpxmx6n97dw9yn7vm3hm","1763812653916.8975"
"jx76j3t4enfekdky3m44zw6az57vxhfm","k176mtqaf7k7az8m5kvdrtkawd7v7g00","done","image","kd7a4baf8zrnrpxmx6n97dw9yn7vm3hm","1763812680802.0781"
"jx736xk60jq9nqb2v6r7qvdn3h7vwkh7","k176mtqaf7k7az8m5kvdrtkawd7v7g00","done","image","kd7a4baf8zrnrpxmx6n97dw9yn7vm3hm","1763812741128.8171"
"jx73cb3pf48d3wdypznt3x1axh7vw853","k176mtqaf7k7az8m5kvdrtkawd7v7g00","done","image","kd7a4baf8zrnrpxmx6n97dw9yn7vm3hm","1763812790630.3389"
"jx7cs49j6nezt6bc076phn86gx7vwbdy","k176mtqaf7k7az8m5kvdrtkawd7v7g00","done","image","kd7a4baf8zrnrpxmx6n97dw9yn7vm3hm","1763812891820.8315"
"jx76sw833btgnn53g8w49vbw9x7vx60y","k176mtqaf7k7az8m5kvdrtkawd7v7g00","done","image","kd7a4baf8zrnrpxmx6n97dw9yn7vm3hm","1763812959037.4397"
"jx7fcb3xxgm1edg31yd7dhjkt17vxz8e","k176mtqaf7k7az8m5kvdrtkawd7v7g00","done","image","kd7a4baf8zrnrpxmx6n97dw9yn7vm3hm","1763813043461.758"
"jx716pm83eehkrwzdmhvf2p81x7vxrqq","k176mtqaf7k7az8m5kvdrtkawd7v7g00","done","image","kd7a4baf8zrnrpxmx6n97dw9yn7vm3hm","1763813301335.841"
"jx72b5hatxb9jeewqd2wv7ktfn7vw508","k170t6p37ra7rt8vbzpcvfdsx97vx9sy","done","image","kd73yndhykbtft275dfsn9rbd57vm5vg","1763842057002.0232"
"jx71ez6n7ht4hgksgrb7k6vnkn7vym1y","k179fxq1tgkh66byy1cn4est0n7vy71d","done","image","kd73yndhykbtft275dfsn9rbd57vm5vg","1763940516726.2832"
"jx7e26xfc0v2zak5j8snyh76557w3twp","k179yymaqng8cxnrf9kvaejdns7w2d8d","done","image","kd73yndhykbtft275dfsn9rbd57vm5vg","1764074629461.2761"
"jx72vsj3rv7tpyk5kk1f626m9s7w3sed","k176mtqaf7k7az8m5kvdrtkawd7v7g00","done","image","kd7a4baf8zrnrpxmx6n97dw9yn7vm3hm","1764091635488.1787"
"jx7dv61gjh9brxprjyaqrav2xx7w5br7","k17bn8msm50r1y30pw9awfzje57vxerz","done","image","kd73yndhykbtft275dfsn9rbd57vm5vg","1764152938282.8208"
"jx7dpf949x3mhxxq05sm15dye97w4dyf","k17a187acekn0bh7gbshvsqx2d7w4p7e","done","image","kd73474q80sw7cxknc3q8c5fws7vmqjz","1764154519860.9958"
"jx78f9z2jy6tg1g1hy60dwr5p97w79ez","k176qke2h3z6xkpv6whmdbd8ys7w6ygb","done","image","kd7brkhvahxfskwd86ca78d6ks7vnfkc","1764214190144.3684"
"jx70anymshzd46rf5mqyrg3gyd7w6p0z","k176mtqaf7k7az8m5kvdrtkawd7v7g00","error","video","kd7am5j6g87wm6jn536hspn9y57vtjk6","1764271479956.861"
"jx72df7p03bvp10fzxp8frg5hh7w7p89","k176mtqaf7k7az8m5kvdrtkawd7v7g00","error","video","kd7am5j6g87wm6jn536hspn9y57vtjk6","1764271505510.0625"
"jx7dwr4svjb1e707wmtrgz7vwx7w6ykb","k176mtqaf7k7az8m5kvdrtkawd7v7g00","done","video","kd7am5j6g87wm6jn536hspn9y57vtjk6","1764271650951.5046"
"jx7bdtxbb0h8jyc9ez5qdvjewn7w88p1","k176mtqaf7k7az8m5kvdrtkawd7v7g00","done","image","kd7a4baf8zrnrpxmx6n97dw9yn7vm3hm","1764321698316.248"
"jx7dtaxwcp21qk0ry91s79czf17w8a09","k1744303xb4y8h8ymtfq55mx157w8dya","done","image","kd73yndhykbtft275dfsn9rbd57vm5vg","1764366567230.7346"
"jx78rn0nt1vc0y3jh46hnchqhn7wa127","k17ajemqje7r4s76v0ej2gahhx7wb6dz","done","image","kd73yndhykbtft275dfsn9rbd57vm5vg","1764385179786.4888"
"jx7598ma5kry2dmp3w68b5bdfs7wawwf","k17enk6zxhqdgcs26cv45vrf417wbqw8","done","image","kd73yndhykbtft275dfsn9rbd57vm5vg","1764430957952.3042"
"jx7cyd1x3sfqx0hfq3dgkbfa0n7wa7db","k17ar7zq4tb4bg53a9maasend17wa8a7","done","image","kd7brkhvahxfskwd86ca78d6ks7vnfkc","1764431245297.2703"
"jx7dcm34x9135d0bvgpceekv3x7wagvb","k174z1etde06ed11acfk5vm1p17wa4jc","done","image","kd7brkhvahxfskwd86ca78d6ks7vnfkc","1764432256181.6045"
"jx73gb38pyk6r2f885fd7v3n897wb57e","k17c6sncfnvz6dw29ywazsxzyn7wbg71","error","image","kd73yndhykbtft275dfsn9rbd57vm5vg","1764447938811.152"
"jx74knccdejrd1wbzw1fry2y1x7wabf3","k17c6sncfnvz6dw29ywazsxzyn7wbg71","error","image","kd73yndhykbtft275dfsn9rbd57vm5vg","1764447954129.86"
"jx72ctgz0h1q6eg43eazsy4rex7wamwr","k17c6sncfnvz6dw29ywazsxzyn7wbg71","done","image","kd73yndhykbtft275dfsn9rbd57vm5vg","1764448684967.269"
"jx7cb3krh47wayfqrdje38r0rs7wa0m5","k177cjtq5fb6ffcby3j6vznjbn7wa46g","done","image","kd73yndhykbtft275dfsn9rbd57vm5vg","1764450802681.9753"
"jx7afv0pysx6atekn2yqpmvteh7wbn79","k175gxr4vm2syzz3kytpgv1wqd7wbky5","done","image","kd73yndhykbtft275dfsn9rbd57vm5vg","1764451063214.1772"
"jx7by5cnkm9ksp9taj6rv5x6th7wbr25","k1724fzx7d9ybhsa95n79v88qh7wb55x","done","image","kd73yndhykbtft275dfsn9rbd57vm5vg","1764452262016.4749"
"jx701r67h7pb7267jpthp4rgax7wdxrr","k17767yh2z9mnvzqfdxppqw4ys7wdckq","done","image","kd73yndhykbtft275dfsn9rbd57vm5vg","1764489038228.3115"
"jx702terw1tnrjj203xn4r126d7wez08","k171k3f4v57agee7hd21e4r60d7wenza","done","image","kd7b8wqmaaweak03x3ffs6x6dn7wfhwk","1764618295357.6064"
"jx715v6aexp7jqqw95rz2104497wjm4r","k17f2y1nsba5t09rtxjwbd65nd7wkx98","done","image","kd73yndhykbtft275dfsn9rbd57vm5vg","1764763797423.1453"
"jx70c3mgv08epm18btcfe09emh7wnb9a","k17bzwnwe06w0c8nxtv22hzk897web81","done","image","kd73yndhykbtft275dfsn9rbd57vm5vg","1764855310181.3193"
"jx719q15kc0bf7cteffnfyydgx7wq58j","k17b9pg2j2hyerxpyb1jg8khqx7wqwge","done","image","kd73474q80sw7cxknc3q8c5fws7vmqjz","1764901445183.5972"
"jx73d7mnfs3hjsj2spw52awaw57wppgg","k17d5va07jwcbpnvgbnsh6b06h7wpzsa","done","image","kd73yndhykbtft275dfsn9rbd57vm5vg","1764910351926.3962"
"jx7fgn4nk1xvgtkc599vhehswd7wq31f","k17egaswxgajd63vy2trcc9xr57wqrsm","done","image","kd77ex179vr03zhqk10sewbr9h7wpbg1","1764928641733.2585"
"jx74ykgt3j3j5ac20seexdsd8d7wp7ex","k17egaswxgajd63vy2trcc9xr57wqrsm","done","image","kd77ex179vr03zhqk10sewbr9h7wpbg1","1764928803247.8225"
"jx7crf8ysyp31kf6jxrddhahpx7wpbqn","k178bs7tmwegc9hwg5a29rh03s7wqa60","done","image","kd73yndhykbtft275dfsn9rbd57vm5vg","1764946816623.2969"
"jx7d570hmzws52q1jc7b3paxhh7wrc4q","k17cd37tc8nmqw7h6ft1711fg17wrwry","done","image","kd7b8wqmaaweak03x3ffs6x6dn7wfhwk","1764987114790.1782"
"jx77vfg2sayr1wptg46tdqp1xd7wskk2","k179rpve4ps3251wrgsdr59mex7wrm6x","done","image","kd7b8wqmaaweak03x3ffs6x6dn7wfhwk","1765036459105.1028"
"jx7387xgq1rq2e2q9fame506s97wrxtm","k1735sgybchdrc58e386htr5r17wsg44","done","image","kd73yndhykbtft275dfsn9rbd57vm5vg","1765041615052.3293"
"jx72qq42g7mwk53xe3n1b6r0ks7wrxbm","k176mtqaf7k7az8m5kvdrtkawd7v7g00","done","image","kd77n3er3wxq3fm8cbs511w8ps7vmjzr","1765051778225.08"
"jx7bcp6ys10fv0c3wx2sqhk9an7wtged","k172wsavk1daza2nh9jh7w9ttx7wv4nq","done","image","kd73474q80sw7cxknc3q8c5fws7vmqjz","1765075055640.0464"
"jx76kejzqftjasqp0n88s8mzsh7wv8nx","k17cmtqe7as70c2yb952p3798s7wt67n","done","image","kd7brkhvahxfskwd86ca78d6ks7vnfkc","1765079377191.5803"
"jx759y1vkn6avwqy37hdg1058n7xce4s","k17dth0trvysp9dan145vp9b417xds1r","done","image","kd73474q80sw7cxknc3q8c5fws7vmqjz","1765886278009.4902"
"jx78gm7wy87egekntc0c5zdn7h7xdy10","k174xkzv0sra2h90637cbd8nkh7xdj69","done","image","kd73474q80sw7cxknc3q8c5fws7vmqjz","1765907990373.133"
"jx7dg15t8e004m3rhr99fm1y1n7xczx4","k172c7t0mzp170ty56cv01dmt57xc4xy","done","image","kd73yndhykbtft275dfsn9rbd57vm5vg","1765914254044.9128"
"jx79vpgws9zdn0ce3v3fdwvr857xcn3e","k17dxcvb8ddyxskefdjnmfq9kh7xds5d","done","image","kd73474q80sw7cxknc3q8c5fws7vmqjz","1765914575683.3003"
"jx76kyeghh632mr3pqjgzj268x7xd681","k17b62707ysh4a6p8kpysvbhks7xdg8f","done","image","kd73474q80sw7cxknc3q8c5fws7vmqjz","1765921505251.9744"
"jx71kz6e5g44hds6w6p4e3795s7xcfer","k173bsc45z0d6mzby31dm3g1ns7xdwkr","done","image","kd73474q80sw7cxknc3q8c5fws7vmqjz","1765921847719.5037"
"jx7cgbm5dzvf3vt2346d4wez3s7xcwfs","k1764njd9wez402be00jh683qh7xdape","done","image","kd73474q80sw7cxknc3q8c5fws7vmqjz","1765922237124.114"
"jx78tx8jq9ft9qzawpe87rkzr17xdjfd","k17a6sn64q1khqkn89qj3x9t2s7xch4r","done","image","kd73474q80sw7cxknc3q8c5fws7vmqjz","1765923013846.898"
"jx74kvsz06wvysapse5wz70c4x7xdaes","k17862mhaje6a5kyyf9zffyyh17xdx1d","done","image","kd7brkhvahxfskwd86ca78d6ks7vnfkc","1765923967235.7122"
"jx7dj0c7msehm122q959vf5srd7xd9r0","k170vvhy9ghk69ee0ezexztzgh7xctnt","done","image","kd73yndhykbtft275dfsn9rbd57vm5vg","1765926459962.2285"
"jx70yttfjzmz3kssa0xn8v1snx7xf07k","k17c3dxcr9mq2737jvfk3ykyts7xegs7","done","image","kd7brkhvahxfskwd86ca78d6ks7vnfkc","1765946482525.383"
"jx77ydw26paeqhbdfh6mt2h6917xfdsj","k177t0t3qr8wp7n024twvv8t797xeyvh","done","image","kd73474q80sw7cxknc3q8c5fws7vmqjz","1765956219300.485"
"jx7bxnts7gqxsdfcsjm2s9zkd57xf17m","k17ay6k9vf5qbmfnpcmhjwz6hx7xfz69","done","image","kd73474q80sw7cxknc3q8c5fws7vmqjz","1765960711043.709"
"jx7amx967r9y00eqvq4bv92gfn7xeb6c","k17cxttkx2tf8r557ghq37k4n17xe9yw","done","image","kd73yndhykbtft275dfsn9rbd57vm5vg","1765965967719.6274"
"jx7ffywe1r0a2qsej4kg792t5h7xfb7a","k177qftgf95g57gn9wh2rmfya57xek9q","done","image","kd73yndhykbtft275dfsn9rbd57vm5vg","1765968963919.124"
"jx7cchhpbtam2enew3acd09sbd7xfy48","k17cr6k5fjn5hrhzcmgps8gw7s7xfs11","done","image","kd73yndhykbtft275dfsn9rbd57vm5vg","1765973433445.1084"
"jx79c1bvazt66090a5aw4d5t897xf205","k171zh218vysky196cnx1zwwk17xf3j3","done","image","kd73474q80sw7cxknc3q8c5fws7vmqjz","1765974110455.0884"
"jx793r5yvq78dcbf6pdtgac3ns7xeq81","k1778h4zadfq5rtf19bgn3fz8x7xfxzp","done","image","kd73yndhykbtft275dfsn9rbd57vm5vg","1765979985818.4631"
"jx780fmze4y3x30r80p426bv2s7xekm1","k173r5p9k3qvhshymd6mn78d357xf1yr","done","image","kd7brkhvahxfskwd86ca78d6ks7vnfkc","1765980982330.8196"
"jx75yd1t1pnzwrcz8rqh46r0yx7xe9xj","k176mtqaf7k7az8m5kvdrtkawd7v7g00","done","image","kd77n3er3wxq3fm8cbs511w8ps7vmjzr","1765988092044.5928"
"jx7f64sf3spd5ncds35bm3fj5n7xexnn","k176mtqaf7k7az8m5kvdrtkawd7v7g00","done","image","kd7a4baf8zrnrpxmx6n97dw9yn7vm3hm","1765988124167.5652"
"jx7ef81an4kmdgpqhkb7k6e5ed7xe5v5","k177f2efsrgkx2n724te1bk7h97xfzez","done","image","kd73yndhykbtft275dfsn9rbd57vm5vg","1765988216521.59"
"jx7a923e9x899cwffk9gd62ypd7xe67k","k176mtqaf7k7az8m5kvdrtkawd7v7g00","done","image","kd7a4baf8zrnrpxmx6n97dw9yn7vm3hm","1765988224968.4536"
"jx711x9pca8ah419cx0389kmy57xfzs4","k17d8n6ttjgj1ake2vxbhqh4rn7xejn8","done","image","kd73474q80sw7cxknc3q8c5fws7vmqjz","1766002430546.1096"
"jx7efkct6t31a20seppppnnjes7xenqv","k17f4wg8jkhgrp51gwg4zcy3md7xe0xw","done","image","kd73474q80sw7cxknc3q8c5fws7vmqjz","1766015206143.0945"
"jx74ar8r9dsdgmn3rj8hn1kkqs7xeya5","k17886j941vvn3gtq12c85xd517xf64j","done","image","kd73474q80sw7cxknc3q8c5fws7vmqjz","1766015329129.506"
"jx7323j8tttsbar64ay3d0qjtd7xhfzw","k17fefpwfv7ec2e7detmq2a6v17xgcgh","done","image","kd73yndhykbtft275dfsn9rbd57vm5vg","1766037276766.5981"
"jx7145nmex44n28wr9266q6rhs7xhgc7","k177z41cpc8rjfzgmxwfpfv8sx7xgn3j","done","image","kd73474q80sw7cxknc3q8c5fws7vmqjz","1766045240822.129"
"jx736701e527djks9jkq7pv8857xhd4n","k171rk5dwge7nn1c9b1da7hxns7xd112","done","image","kd7brkhvahxfskwd86ca78d6ks7vnfkc","1766045576054.1077"
"jx73xnm8em47tq8qkfcted57e57xgzf1","k175epwb4sqtn011xqn6p4yjy57xgggp","done","image","kd73474q80sw7cxknc3q8c5fws7vmqjz","1766045801005.3596"
"jx72362ck61wsksg4wd6j9atfd7xh76b","k17apxj1be1sqnvb3fp79c5ws57xhppg","done","image","kd73474q80sw7cxknc3q8c5fws7vmqjz","1766046524777.602"
"jx75zgmydn3y7banxqkx2b6fpn7xheb7","k17bmg6trbqx34z86yd6w7rm5n7xgzc3","done","image","kd73yndhykbtft275dfsn9rbd57vm5vg","1766047370937.7188"
"jx724p6rbdg8dtc3z4ye7btt2n7xgge0","k1754ypp3fe3r72e3bqwy3990d7xgqc8","done","image","kd73yndhykbtft275dfsn9rbd57vm5vg","1766051071375.4631"
"jx7ek20zeheqaggf9wdjhavtp17xh6jj","k1700krsf6gdp1xrt4gh1bvh7h7xh1ph","done","image","kd73yndhykbtft275dfsn9rbd57vm5vg","1766057597019.7488"
"jx7ddb8rhbbwa1gcr3vc54agsx7xg1rj","k173w4bb7g5mrme466t3ch9x7d7xghx5","done","image","kd73yndhykbtft275dfsn9rbd57vm5vg","1766072832507.3733"
"jx70jd58s6ex9pqmgavgqbc0n57xj543","k17d2p636zrw3xb9k0rycez1597xjdm0","done","image","kd7c4qagr5k9e5tc16x4wfh25h7vm7vq","1766155147834.9978"
"jx70x7gnbvetfw08csvb1y3kd17xj1z8","k17d2p636zrw3xb9k0rycez1597xjdm0","done","image","kd73m2frjr7n6q82megacy96317vm92k","1766155274642.4258"
"jx7ddskx9stvtrhcfd1dgmzfk57xkh60","k17d2p636zrw3xb9k0rycez1597xjdm0","done","image","kd7c4qagr5k9e5tc16x4wfh25h7vm7vq","1766155331024.747"
"jx7ayyr8hdebpd08x0cg4gcvw17xkq6w","k17d2p636zrw3xb9k0rycez1597xjdm0","done","image","kd73m2frjr7n6q82megacy96317vm92k","1766155494568.1743"
"jx74a163dn013b9njke18xm0md7xknnf","k17d2p636zrw3xb9k0rycez1597xjdm0","done","image","kd7c4qagr5k9e5tc16x4wfh25h7vm7vq","1766155592838.9185"
"jx7ae871btk9e7ms5a2m8gyf397xj9px","k17d2p636zrw3xb9k0rycez1597xjdm0","done","image","kd7c4qagr5k9e5tc16x4wfh25h7vm7vq","1766155913965.759"
"jx7f40bg0s53xbj6awdmjw4f0d7xkbz4","k17d2p636zrw3xb9k0rycez1597xjdm0","done","image","kd7c4qagr5k9e5tc16x4wfh25h7vm7vq","1766155962162.4666"
"jx71cjrc2gr3veqm6xx11gv9n97xjg2a","k17d2p636zrw3xb9k0rycez1597xjdm0","done","image","kd7c4qagr5k9e5tc16x4wfh25h7vm7vq","1766155990029.1418"
"jx7bsanvfjs6eswf6d3t6qwkkn7xjsda","k17d2p636zrw3xb9k0rycez1597xjdm0","done","image","kd7c4qagr5k9e5tc16x4wfh25h7vm7vq","1766156041893.5168"
"jx752ztg5ht3xjxvvzfj8z2mx17xjatr","k17d2p636zrw3xb9k0rycez1597xjdm0","done","image","kd73m2frjr7n6q82megacy96317vm92k","1766156095479.454"
"jx72hjyjcqt8hp92193sn3f3kd7xk91m","k17d2p636zrw3xb9k0rycez1597xjdm0","done","image","kd73yndhykbtft275dfsn9rbd57vm5vg","1766156166763.1028"
"jx7bfcbh3v2va5r9h7wq47vf117xja1j","k17dnf7v5v5csw236f9n9kr8t17xk5zg","done","image","kd73474q80sw7cxknc3q8c5fws7vmqjz","1766172697649.2485"
"jx7fw56n0w2f81f1akvqmq9axn7xj4mm","k17d2p636zrw3xb9k0rycez1597xjdm0","done","video","kd74gerqd61zcgvp59s4a5g5ad7xd4gn","1766173996028.8215"
"jx74c53nrw142rpk8g0m63esxs7xjxwt","k17d2p636zrw3xb9k0rycez1597xjdm0","done","image","kd7brkhvahxfskwd86ca78d6ks7vnfkc","1766174307508.096"
"jx7e6pyj6zxrftk19kjsagttr17xjh25","k17d2p636zrw3xb9k0rycez1597xjdm0","done","image","kd7brkhvahxfskwd86ca78d6ks7vnfkc","1766174358544.3577"
"jx78kb3c62hqrcwcry9w9gb9bx7xjrvw","k17d2p636zrw3xb9k0rycez1597xjdm0","done","image","kd7brkhvahxfskwd86ca78d6ks7vnfkc","1766174743688.2434"
"jx74v1f52eqb95xknp7rv9anpd7xkydn","k17d2p636zrw3xb9k0rycez1597xjdm0","done","image","kd7arntnjpbkdz6861pnx32t9n7vn7kw","1766174853479.1423"
"jx7bgtkmsj629zdgx6vtw2k3m97xjaew","k17d2p636zrw3xb9k0rycez1597xjdm0","done","image","kd718ahde0fc0gkbpdqzx96q0h7vnxvr","1766175193819.7458"
"jx77wqbgszkf5m7cedsw64t1wn7xk79m","k17d2p636zrw3xb9k0rycez1597xjdm0","done","image","kd7bjpdskj56e8tc9b3b5csap57vm2ac","1766175530076.5903"
"jx79q2ww0c5keen2nk2cc57g297xjf2r","k17d2p636zrw3xb9k0rycez1597xjdm0","done","image","kd7bjpdskj56e8tc9b3b5csap57vm2ac","1766175614704.887"
"jx73zww534qgzzj8bp5zctqpr57xjr7e","k17d2p636zrw3xb9k0rycez1597xjdm0","done","image","kd7bjpdskj56e8tc9b3b5csap57vm2ac","1766175648001.8079"
"jx73j19mkkwd5ccc292zc9qk217xk62f","k17d2p636zrw3xb9k0rycez1597xjdm0","done","image","kd7c4qagr5k9e5tc16x4wfh25h7vm7vq","1766175783333.8044"
"jx7bxa0rsfygjgj6s89ya5djsx7xjf5m","k170p7v2fygwdtzyhhz8rffg9n7xjye1","error","image","kd7b8wqmaaweak03x3ffs6x6dn7wfhwk","1766179610785.0571"
"jx729s8epjjmpre3qyw8wp13k97xt2pt","k17fzv6eqm8xhxscvbfxwtt19s7xt9b2","done","image","kd7c4qagr5k9e5tc16x4wfh25h7vm7vq","1766472961222.1843"
"jx7fb6nh5y02p9r2xefqvsfnzn7xtcg2","k17fzv6eqm8xhxscvbfxwtt19s7xt9b2","done","image","kd7c4qagr5k9e5tc16x4wfh25h7vm7vq","1766473075615.2908"
"jx7dzn8d5nh7q522fwdprrrmyx7xt9gd","k17fzv6eqm8xhxscvbfxwtt19s7xt9b2","done","image","kd7c4qagr5k9e5tc16x4wfh25h7vm7vq","1766473126785.762"
"jx721vdbmf3ggxnkehgr176ch17xvabs","k17fzv6eqm8xhxscvbfxwtt19s7xt9b2","done","image","kd73yndhykbtft275dfsn9rbd57vm5vg","1766473185205.3945"
"jx72csxsky123acak5h9wrp6y17xtzem","k176mtqaf7k7az8m5kvdrtkawd7v7g00","done","image","kd7a4baf8zrnrpxmx6n97dw9yn7vm3hm","1766486282348.5095"
"jx73423gzwdkvpxanw38yh5kb57xtaw4","k176mtqaf7k7az8m5kvdrtkawd7v7g00","done","image","kd7a4baf8zrnrpxmx6n97dw9yn7vm3hm","1766486311143.3977"
"jx77a54kjtv58xhh6h97an9zfd7xtzmp","k176mtqaf7k7az8m5kvdrtkawd7v7g00","done","image","kd7a4baf8zrnrpxmx6n97dw9yn7vm3hm","1766486379555.0598"
"jx7cwj38egjg613r04dfwnahnn7xt4yp","k17fzv6eqm8xhxscvbfxwtt19s7xt9b2","done","image","kd73yndhykbtft275dfsn9rbd57vm5vg","1766513518536.0068"
"jx7ccmea06x3v8hrhzb48psjj17xv2jb","k17fzv6eqm8xhxscvbfxwtt19s7xt9b2","done","image","kd73yndhykbtft275dfsn9rbd57vm5vg","1766532640286.5337"
"jx7awyfes3ysw2zej47eacyq4h7xtd7b","k17fzv6eqm8xhxscvbfxwtt19s7xt9b2","done","image","kd77n3er3wxq3fm8cbs511w8ps7vmjzr","1766532754280.9695"
"jx7agp3seet0vz0jnfhy4pp8517xz20j","k17fsfjz0jqewr5vxrhab0h8p97xzyem","done","image","kd7brkhvahxfskwd86ca78d6ks7vnfkc","1766676524784.0352"
"jx78hetpghtht7e15z28t8ev4h7y2gkd","k17fsfjz0jqewr5vxrhab0h8p97xzyem","done","image","kd73yndhykbtft275dfsn9rbd57vm5vg","1766797682402.4617"
"jx74xrs2taq0wm6qb107rgjxrx7y35za","k17fsfjz0jqewr5vxrhab0h8p97xzyem","done","image","kd705wdk6se3pkdq6xwr9ykksh7xnxpe","1766801620608.135"
"jx7997z0ycg7a7d0q47ry86y057y5h33","k175tgkm37pdpgf8b4n1cs98ps7y23g0","done","image","kd7brkhvahxfskwd86ca78d6ks7vnfkc","1766956983524.4485"
"jx7cp4e5bvb8f3yfb0mj0zr0757y4afy","k175tgkm37pdpgf8b4n1cs98ps7y23g0","done","image","kd7a4baf8zrnrpxmx6n97dw9yn7vm3hm","1766957014922.6812"
"jx7an8s25bj4nakgwcgqxj0vms7y40h2","k175tgkm37pdpgf8b4n1cs98ps7y23g0","done","image","kd7brkhvahxfskwd86ca78d6ks7vnfkc","1766957259850.7786"
"jx71ze34yb426er5h5ajjqc6097y4pn2","k175tgkm37pdpgf8b4n1cs98ps7y23g0","done","image","kd7a4baf8zrnrpxmx6n97dw9yn7vm3hm","1766957314242.476"
"jx747zrfgk8p7xcwdb8ghs8ybh7y4mja","k175tgkm37pdpgf8b4n1cs98ps7y23g0","done","image","kd7a4baf8zrnrpxmx6n97dw9yn7vm3hm","1766957344188.0225"
"jx79j32wpwkymq3vrw31g7k13h7y4dgg","k175tgkm37pdpgf8b4n1cs98ps7y23g0","done","image","kd7a4baf8zrnrpxmx6n97dw9yn7vm3hm","1766957384739.2468"
"jx7c76p3qhe763myvgafs1gwmn7y5834","k175tgkm37pdpgf8b4n1cs98ps7y23g0","done","image","kd7a4baf8zrnrpxmx6n97dw9yn7vm3hm","1766957419094.6362"
"jx7dq4ajej62cxcze81mkx1xfs7y4yy3","k175tgkm37pdpgf8b4n1cs98ps7y23g0","done","image","kd7a4baf8zrnrpxmx6n97dw9yn7vm3hm","1766957448965.3574"
"jx74atwhc375599j5qkwxh6r197y6dzh","k173mwge0476sjvyp20ymfjmjx7y1nzh","done","image","kd77ex179vr03zhqk10sewbr9h7wpbg1","1767033864583.5703"
"jx77pxfh0bhxf12j8k4tsxqfwh7yc3zb","k179r48me3ejjpfq9k10vm7k497yd8kf","done","image","kd7b8wqmaaweak03x3ffs6x6dn7wfhwk","1767305266407.4182"
"jx7fc1580k91a6a4dyy4dfrqbx7z1d7b","k17a5fftbxqdzrf09vd9pnz0nd7z1461","done","image","kd77ex179vr03zhqk10sewbr9h7wpbg1","1768092389584.8145"
"jx7adw3x302b8kd8170r66dwgn7zqbjp","k176mtqaf7k7az8m5kvdrtkawd7v7g00","done","image","kd7a4baf8zrnrpxmx6n97dw9yn7vm3hm","1769095759668.55"